service_id,rank_name,name,nric,cluster_name,contact_no,tier_no
P0001,PC,Angeline,S1234567A,WCP,89337853,1
P0010,PC,Borbála Petrovic,S5623650C,ATED,90271870,2
P0019,PC,Dejen Dexter,S3680092E,ATED,97007823,2
P0011,LCP,Sybil Lowe,S1328864Z,WCP,98255989,1
P0020,LCP,Ognjan De Filippis,S1544963B,WCP,90849839,1
P0029,LCP,Grid Katranjiev,S9208450G,WCP,99542007,1
P0012,CPC,Ilda Guidi,S1096815A,PRISON,92863684,2
P0021,CPC,Monat Geelen,S0756801J,PRISON,84852610,2
P0013,SGT,Virginia Cookson,S8087802H,ATED,94071117,2
P0022,SGT,Aristaeus Henningsen,S3322959C,ATED,99435093,2
P0005,SSGT,Mahendra Paternoster,S3461600J,WCP,97547962,1
P0014,SSGT,Baako Abrams,S1421552B,WCP,95525383,1
P0023,SSGT,Rana Crespi,S8862705I,WCP,91331309,1
P0006,SSS,Fortunata Kita,S9527320C,PRISON,99165670,2
P0015,SSS,Morpheus Bell,S0483382A,PRISON,90566097,2
P0024,SSS,Trajan Czajka,S9865304Z,PRISON,94857502,2
P0007,SI,Kunal Oberto,S7578659Z,ATED,92829864,2
P0016,SI,Xanthippe Bardakçi,S7071673I,ATED,90792940,2
P0025,SI,Nagi Ivanov,S9173447H,ATED,91649516,2
P0008,SSI,Sigrún Bellincioni,S8276431C,WCP,88551463,1
P0017,SSI,Zlatica Petit,S9201282D,WCP,93490273,1
P0026,SSI,Nurullah Sherman,S5154878G,WCP,81367169,1
P0009,INSP,Finn Monaghan,S6572343C,PRISON,96434989,2
P0018,INSP,Nezih Jewell,S1972101I,PRISON,87745711,2
P0027,INSP,Shivali Silje,S6817961J,PRISON,93495389,2
