nric,pwd,name,service_id,email,contact_no,mobile_no,address,gender,date_of_birth,nationality,adhoc_event,last_updated_password,rank_id,role_id,status_id
S1234567B,"HASHBYTES('SHA1', 'P0001')",Morpheus Bell,P0015,ceddeppobu-3452@yopmail.com,90566097,61622273,53 Kallang Terrace,F,9/4/1973 0:00,Singaporean,0,19/5/2015 12:00,6,1,1
S1234567C,"HASHBYTES('SHA1', 'P0001')",Monat Geelen,P0021,ceddeppobu-3452@yopmail.com,84852610,67144615,6 Tengah Field,M,6/3/1942 0:00,Singaporean,0,19/5/2015 12:00,3,1,1
S1234567D,"HASHBYTES('SHA1', 'P0001')",Ilda Guidi,P0012,ceddeppobu-3452@yopmail.com,92863684,69515000,Blk 46 Geylang Street 39  #12-02,F,22/10/1979 0:00,Singaporean,1,19/5/2015 12:00,3,1,1
S1234567E,"HASHBYTES('SHA1', 'P0001')",Angeline,P0001,ceddeppobu-3452@yopmail.com,89337853,67112568,Blk 427 Lorong 3 Boon Keng #03-29,F,30/1/1997 0:00,Singaporean,1,19/5/2015 12:00,1,1,1
S1234567F,"HASHBYTES('SHA1', 'P0001')",Jess Pea,,ceddeppobu-3452@yopmail.com,98206399,64343150,52 Jalan Satu,F,15/5/1995 0:00,Singaporean,1,19/5/2015 12:00,2,2,1
S1234567G,"HASHBYTES('SHA1', 'P0001')",Damaris,,ceddeppobu-3452@yopmail.com,96612943,67616592,Blk 219 Kallang Street 38 #10-08,F,28/2/1994 0:00,Singaporean,1,19/5/2015 12:00,3,2,1
S1234567H,"HASHBYTES('SHA1', 'P0001')",Jing Jing,,ceddeppobu-3452@yopmail.com,97415178,69974759,Blk 375 Yishun Street 81 #18-12,F,14/11/1997 0:00,Singaporean,1,19/5/2015 12:00,4,3,1
S1234567I,"HASHBYTES('SHA1', 'P0001')",Sybil Lowe,P0011,ceddeppobu-3452@yopmail.com,98255989,68281747,1 Jalan Rumia,F,2/2/1990 0:00,Singaporean,0,19/5/2015 12:00,2,1,1
S1234567J,"HASHBYTES('SHA1', 'P0001')",Baako Abrams,P0014,ceddeppobu-3452@yopmail.com,95525383,68981203,Blk 33 Jurong West Street 81 #02-17,F,11/2/1978 0:00,Singaporean,1,19/5/2015 12:00,5,1,1
S1234567L,"HASHBYTES('SHA1', 'P0001')",Ognjan De Filippis,P0020,ceddeppobu-3452@yopmail.com,90849839,69660811,Blk 266 Tampines Street 19 #07-43,M,4/2/1955 0:00,Singaporean,1,19/5/2015 12:00,2,1,1
S1234567M,"HASHBYTES('SHA1', 'P0001')",Tito Houston,P0028,ceddeppobu-3452@yopmail.com,91283782,61315491,Blk 456 Ang Mo Kio Street 25 #13-28,M,17/11/1934 0:00,Singaporean,1,19/5/2015 12:00,1,1,2
S1234567N,"HASHBYTES('SHA1', 'P0001')",Nezih Jewell,P0018,ceddeppobu-3452@yopmail.com,87745711,68510022,7 Watten Avenue North #08-14,M,7/11/1962 0:00,Singaporean,1,19/5/2015 12:00,9,1,1
S1234567O,"HASHBYTES('SHA1', 'P0001')",Aristaeus Henningsen,P0022,ceddeppobu-3452@yopmail.com,99435093,66344678,2 Sungei Gedong Park,M,3/5/1939 0:00,Singaporean,1,19/5/2015 12:00,4,1,1
S1234567P,"HASHBYTES('SHA1', 'P0001')",Mahendra Paternoster,P0005,ceddeppobu-3452@yopmail.com,97547962,61448483,3 Chin Bee Lane #12-24,F,20/11/1992 0:00,Singaporean,0,19/5/2015 12:00,5,1,1
S1234567Q,"HASHBYTES('SHA1', 'P0001')",Dejen Dexter,P0019,ceddeppobu-3452@yopmail.com,97007823,66298282,26 Yishun Gate #18-09,M,17/5/1955 0:00,Singaporean,0,19/5/2015 12:00,1,1,1
S1234567R,"HASHBYTES('SHA1', 'P0001')",Nurullah Sherman,P0026,ceddeppobu-3452@yopmail.com,81367169,60896121,Blk 369 Kallang Street 36 #01-35,M,18/10/1936 0:00,Singaporean,1,19/5/2015 12:00,8,1,1
S1234567S,"HASHBYTES('SHA1', 'P0001')",Borbála Petrovic,P0010,ceddeppobu-3452@yopmail.com,90271870,68972434,Blk 477 Pasir Ris Street 35 #01-45,F,2/4/1990 0:00,Singaporean,1,19/5/2015 12:00,1,1,1
S1234567T,"HASHBYTES('SHA1', 'P0001')",Finn Monaghan,P0009,ceddeppobu-3452@yopmail.com,96434989,61587112,5 Somerset Hill #01-28,F,17/7/1993 0:00,Singaporean,0,19/5/2015 12:00,9,1,1
S1234567U,"HASHBYTES('SHA1', 'P0001')",Shivali Silje,P0027,ceddeppobu-3452@yopmail.com,93495389,60591244,Blk 125 Lorong 4 Cheng San #14-22,M,19/1/1936 0:00,Singaporean,0,19/5/2015 12:00,9,1,1
S1234567V,"HASHBYTES('SHA1', 'P0001')",Xanthippe Bardakçi,P0016,ceddeppobu-3452@yopmail.com,90792940,68025727,Blk 138 Bukit Panjang Street 39 #01-17,M,6/4/1970 0:00,Singaporean,1,19/5/2015 12:00,7,1,1
S1234567W,"HASHBYTES('SHA1', 'P0001')",Kunal Oberto,P0007,ceddeppobu-3452@yopmail.com,92829864,60664497,55 Mandai Hill,F,20/11/1995 0:00,Singaporean,0,19/5/2015 12:00,7,1,1
S1234567X,"HASHBYTES('SHA1', 'P0001')",Dania Blau,P0030,ceddeppobu-3452@yopmail.com,95142508,62830121,5 Bidadari Park #03-02,M,26/12/1914 0:00,Singaporean,1,19/5/2015 12:00,3,1,2
S1234567BY,"HASHBYTES('SHA1', 'P0001')",Virginia Cookson,P0013,ceddeppobu-3452@yopmail.com,94071117,63143806,Blk 428 Lorong 8 Sennett #08-12,F,1/2/1979 0:00,Singaporean,0,19/5/2015 12:00,4,1,1
S1234567BZ,"HASHBYTES('SHA1', 'P0001')",Sigrún Bellincioni,P0008,ceddeppobu-3452@yopmail.com,88551463,65480233,2 Jalan Ayer,F,26/8/1993 0:00,Singaporean,1,19/5/2015 12:00,8,1,1
S2345671A,"HASHBYTES('SHA1', 'P0001')",Rana Crespi,P0023,ceddeppobu-3452@yopmail.com,91331309,66555883,4 Buona Vista Walk,M,16/5/1938 0:00,Singaporean,0,19/5/2015 12:00,5,1,1
S2345671B,"HASHBYTES('SHA1', 'P0001')",Nagi Ivanov,P0025,ceddeppobu-3452@yopmail.com,91649516,68271657,77 Serangoon North Avenue #06-15,M,29/12/1936 0:00,Singaporean,0,19/5/2015 12:00,7,1,1
S2345671C,"HASHBYTES('SHA1', 'P0001')",Zlatica Petit,P0017,ceddeppobu-3452@yopmail.com,93490273,69472479,Blk 299 Hougang Street 87 #17-34,M,1/3/1965 0:00,Singaporean,0,19/5/2015 12:00,8,1,1
S2345671D,"HASHBYTES('SHA1', 'P0001')",Grid Katranjiev,P0029,ceddeppobu-3452@yopmail.com,99542007,66849146,65 Boon Lay Avenue,M,25/1/1916 0:00,Singaporean,0,19/5/2015 12:00,2,1,1
S2345671E,"HASHBYTES('SHA1', 'P0001')",Fortunata Kita,P0006,ceddeppobu-3452@yopmail.com,99165670,69650931,Blk 48 Lorong 2 Clementi #14-27,F,20/11/1991 0:00,Singaporean,1,19/5/2015 12:00,6,1,1
S2345671F,"HASHBYTES('SHA1', 'P0001')",Trajan Czajka,P0024,ceddeppobu-3452@yopmail.com,94857502,64206346,1 Bencoolen View,M,14/6/1937 0:00,Singaporean,1,19/5/2015 12:00,6,1,1
